 No,class,tweet
1,1,!!! RT @mayasolovely: As a woman you shouldn't complain about cleaning up your house. &amp  as a man you should always take the trash outâ€¦
2,1,"""@Addicted2Guys: -SimplyAddictedToGuys http://t.co/1jL4hi8ZMF"" woof woof hot scally lad"
3,1,@AllAboutManFeet: http://t.co/3gzUpfuMev woof woof and hot soles
4,1,@Allyhaaaaa: Lemmie eat a Oreo &amp  do these dishes. One oreo? Lol
5,1,"""@ArizonasFinest6: Why the eggplant emoji doe?""y he say she looked like scream lmao"
6,1,"""@BabyAnimalPics: baby monkey bathtime http://t.co/7KPWAdLF0R""
Awwwwe! This is soooo ADORABLE!"
7,1,"""@DomWorldPeace: Baseball season for the win. #Yankees"" This is where the love started"
8,1,"@DunderbaIl: I'm an early bird and I'm a night owl, so I'm wise and have worms."
9,1,@EdgarPixar: Overdosing on heavy drugs doesn't sound bad tonight. I do that
10,1,"""@El_Grillo1: Pit Bulls Photographed As Lovely Fairy Tale Creatures http://t.co/Q0Sm89oOLh&#8221;

They *are* fairy tale creatures."
11,1,"""@FloKid88: As long as the Lakers trash from now on, I could careless. And that's real."". CC: @BENBALLER hahaha"
12,1,"""@FunnyPicsDepot: this the ""I play soccer, cheat on girls, and wear khaki coloured cargos"" haircut http://t.co/ZUai7qWBIR"" &#128514; yup"
13,1,"""@HermosaAlma: This isn't ghetto.....it's smart https://t.co/MPAzQ3Jswf"" I'm doing this idc"
14,1,"""@JReebo: Who wants to get there nose in these bad bois then #scally #chav #sockfetish #stinking http://t.co/FeQxgN0W6I"" hot sox and legs"
15,1,"""@KeyshawnSwag: Peel up peel up bring it back up rewind back where I'm from they move Shaq from the line"" ooooow who tf said that trash!!?"
16,1,"""@KnightfanNeal #UCFPINKPARTY come on stay alive knights nation!!!!"" This is still the early bird special. #ComeAtMeUT"
17,1,@MLBNetwork: Stay tuned to @MLBNetwork for an update on the report that @Yankees 1B @teixeiramark25 will be out 8-10 weeks @dliming35 #bum
18,1,"@M_Rad: &#8220;@DezDLT: ""I play soccer, cheat on girls, and wear khaki coloured cargos haircut http://t.co/tYCIhD6PkW&#8221 yes lmfao""@soccerboy_04 I would lick his dirty soles while he slept."
19,1,@MaxMayo77: http://t.co/3Jk4kR44X3 a pissed lad past out.
20,1,@MaxMayo77: http://t.co/PrrskknqRv love frat boy w/ soft long soles
21,1,@MaxMayo77: http://t.co/XpSC3makgJ sexy lad with hot soles and arches.
22,1,"""@Mesha_nojas: @_Vontethekidd &#128079;&#128079;&#128079;&#128079;&#128588;"" I got hicks lol"
23,1,"""@MotherJones: 10 birds your grandkids may never see, thanks to climate change http://t.co/XqmXHkAsWt http://t.co/RbITeGRnhm"" #Climate"
24,1,"""@OSAY_it_aint_so: &#8220;@IgnoreAllLaws: Fosters home for imaginary trash&#8221; WHOA CHILL""

that show was everything tf"
25,1,"""@QUAN1T0: 61% of welfare/government aid is claimed by white people. So y'all black slander is trash now."""
26,1,@RachieSoul: @DizzleOfficial inna di ghetto!!! You alone lmaoo
27,1,@SportsCenter: Eli Manning just threw his NFL-leading 27th interception of the season. Lmao trash
28,1,@SportsCenter: USC senior RB Anthony Brown calls head coach Steve Sarkisian a racist and quits team. &#187  http://t.co/JOOsdSubIR he's a bitch
29,1,"""@Stephenwildboy: Chilling &#128069;&#8482; http://t.co/mik3iPNle6"" sexy scally lad"
30,1,@TEE_JONEZ: @16stanleys @KingCuh tuku ho idk blah blah blah &#128514 &#128514 &#128514
31,1,@TEE_JONEZ: @KingCuh @16stanleys I'm not mad cuh hahaha suure.. tuku ho Ita! &#128514 &#128514
32,1,"""@UberFacts: 15 sad TV character deaths we're still bitter over... http://t.co/uLclFUF8nC http://t.co/1RXYQOOsM0""ned stark was the man"
33,1,"""@WBUR: A smuggler explains how he helped fighters along the ""Jihadi Highway"": http://t.co/UX4anxeAwd"""
34,1,"""@Yankees: Down 6-1, #Yankees look to rally in the bottom of the 9th."" #RALLYCAP"
35,1,"""@ayyee_ceee_: One mans trash &#128686; is another mans treasure &#127942;"""
36,1,"""@complex_uk: Ashley Young has tried to deny that bird s*** landed in his mouth ---&gt; http://t.co/mlr5eWgonK https://t.co/AvCHFj7reM"" hahaha"
37,1,"""@deepthroatMike: ""@Boys_South: Take me for a ride &#128525;&#128139; http://t.co/H5mAtjYfGA""#redneck"" woof woof"
38,1,"""@g0rillaz0e: Sitting on my window sill, window open, bird tries to fly in. Smacked it. #ProtectTheAnimals"" @peta"
39,1,"""@greggutfeld: a video an entire media will likely mock. http://t.co/XFr1cRXWSm"" i am such a crybaby"
40,1,"""@hxhassan: Jihadi patron Hajjaj al-Ajmi is arrested at Kuwait airport https://t.co/ZmloKfWDQl"""
41,1,"""@iTrapWatermelon: tweety bird tho &#128514;&#128514;&#128514;&#128514;https://t.co/JbnoNM3N1P"""
42,1,"""@itscoleharmon_: When twitter rappers dm me their trash links http://t.co/35nMR4AUQg"""
43,1,"""@jethromass: Photo: http://t.co/CxRs5BVhPw"" he is in sole heaven"
44,1,"""@kazooook: We actin like it's the 7th day @WesGodLaFlare http://t.co/s9gMtEvpaT""
&#128123;spook"
45,1,"""@metroadlib: colored contacts in your eyes?
blinders on mine.
cause i can't see you at all."" Lmao"
46,1,"""@nohands_24: ""@20ToLife_: ""@nohands_24: ""@DejaaLeeann_: @B_Coleman2 swears I'm #1 man"" easily"" easily"" behind Austin"" nip?"
47,1,"""@oldpicsarchive: H.G.Wells and Charlie Chaplin http://t.co/sTiDDHK3WT"" #History #Photography"
48,1,"""@rhythmixx_: I told Mariam to but cigarettes for her birthday""

You also called me trash rn"
49,1,"""@riananewman: @22EdHam brownies tonight"" what kind?!?!"
50,1,"""@rugbysocklad: Fit lads! Nice gear! http://t.co/ThnXX1lC1M"" these scally lads n trainers would get it"
51,1,"""@sleepy_yongguk: ""I saw an ajumma walk out in the beginning saying, 'Wow, this is so trash that I can't even listen to it..'"" &#128514;"" lmaoo"
52,1,"""@socass_: Dude remember this wop video? @00sexilexi00 http://t.co/P3HEuBOQBu"" OMG WHERE DID YOU FIND THAT"
53,1,"""@soxdawg: RAWR!! RT @skinrubberboi: ""My"" sexy French scally. I love him! #frenchscally http://t.co/5idQ3R5Akz"" sexy scally woof woof"
54,1,"""@worldtraveIs: Baby albino &#128034; http://t.co/2tYTQJ3fec"" @Meeeesh1395"
55,1,"""Bae"" sounds like such a ghetto word. Use something else"
56,1,"""Brownies for my brownie"" I love this movie. &#128517;"
57,1,"""Chinese Maverick: We were communicating Comrade , u know giving the imperialist Yanks the Birdie"" https://t.co/38GZ1jerPS"
58,1,"""Generate ASCII boxes with NodeJS"" all I see is the ability to bring flappy-bird in node via ASCII tubes and bird ^_^ http://t.co/lRJWDFhv7T"
59,1,"""How about we draft all those gung-ho folks and send them to Afghanistan or other war zones so they can show their... http://t.co/sR1zceHx"
60,1,"""I am a thrill billy..with a hillbilly heart."" -@billyraycyrus. HAHAHAHAHA Jesus Murphy!"
61,1,"""I found a new way to chug you have to open your mouth alot"" #shitallysays"
62,1,"""I'll slit your throat-neck"" http://t.co/ChFFSDeDdd"
63,1,"""Is that an albino Mexican?""
""No dad, he's Asian."""
64,1,"""Just follow the yellow brick twitter."""
65,1,"""LOL, cripple!"" - Wendy Davis. RT @MailOnline: Scientists create remote-controlled chick to study shy penguins http://t.co/mT3B09Slod"
66,1,"""Mam, Ren&#233;e doet in haar rol net of ze ongesteld is Wat is ongesteld?"" Van dat soort vragen waar je denkt: hoe leg ik die weer uit."
67,1,"""Mine plays DMX and kirk Franklin smh @_justcallmeBRIT: Well my neighbors are ghetto . They get up at like 5am and beat their kids."""
68,1,"""OVO"" &#8220;@Allthingsfresh3: &amp; kendrick lamar still trash&#8221;"
69,1,"""Only a couple of Red Sox have gotten past first base."" I'm dying laughing. Maybe the Yanks need to teach them some game."
70,1,"""The devil grows inside the hearts of the selfish and wicked
White, brown, yellow and black color is not restricted"""
71,1,"""The water isn't yellow, I'm a healthy student"""
72,1,"""They have to. That division is trash @NoMeek_JustMilz: Saints gon win the NFC South...watch"""
73,1,"""This recipe calls for a leftover brownie. What the hell is a LEFTOVER brownie? That's just a brownie you haven't eaten yet.""-@EricaNadine26"
74,1,"""Two roads diverged in a yellow wood, and I chose the one to J&#246;tunheimr""
- Robert Frost Giant"
75,1,YAH has said in his word that the Mtzra'ym(egyptians) are his people and Ysrah'al is his inheritance and the Kushite(ethiopians).....
76,1,Yaoooooooo @yea_im_JAMAICAN: Mawnin yardies! &#128154 &#128155 &#128536
77,1,"""You hit no lights, no line for toco bell at 2 in he morning, and Diana's back in her house. It's a miracle"" - Charlie @dianaaaxo"
78,1,"""You look like little birds help you get dressed in the morning"""
79,1,"""Your teeth are like the stars."" ""Aww thanks!"" ""Yeah... yellow and far away from each other."""
80,1,"""hick and raver is a venn diagram that has a very large intersection"""
81,1,"""when rappers say twat it makes me feel weird"" &#128514;&#128514;&#128514;&#128557;"
82,1,#2013Faves RT &#8220 @grahamorama: #Snoop and #Justin are having so much fun at this Charlie Wilson tribute #BETAwards https://t.co/C6NHwUBlXN&#8221
83,1,#AskDems Aren't you embarrassed that Charlie Rangel remains in your caucus?
84,1,"#BREAKING: AP calls Mass. Governor race for Charlie Baker. Watch live coverage on WCVB, streaming online. http://t.co/S6hY2eVoaT"
85,1,"#BigBird was made by a gay couple. So yes, under a GOP world the bird would not have existed since its creators would be in jail for sodomy."
86,1,"#BlessJesus Amos 03:03:00 AM - Can two walk together, except they be agreed?"
87,1,#BlessJesus Amos 05:10:00 AM There are those who hate the one who upholds justice in court and detest the one who tells the truth.
88,1,#BlessJesus The #Crown of HIS head to the sole of HIS feet
89,1,#BlessJesusAir Matthew 06:26:00 AM Look at the birds of the air.. and yet your heavenly Father feeds them.Are you not much more valuable than
90,1,#BlessJesusLove Happy Belated ( Sixty-Fifth) 65 Birthday *28 Aunt Mary Agnes #Strong
91,1,"#CommonQuestionIGet

Why uou so ghetto?"
92,1,"#DegenerateArtist Sniffs whiffy balls involuntary, cuz a FAIRY walks DOWNTOWN HAIRY, #climatechange all our scary sense of hillbilly sneeze&gt"
93,1,"#DerekJeter as a lifelong #Yankees man, I will miss you. #FirstBallot
#Unanimous"
94,1,#EarlyBird #early #morning #sunrise #dawn #bird #thebird #jerryreed @ Kansas City http://t.co/kuVq8UpwUw
95,1,#Ebola Great and I thought the panic from bird flu was bad. I really ain't got time for that.
96,1,#Ebola is a great metaphor for how #GOP #teaparty policies eat off of vital organs until the host dies. #Tcot #teabaggers
97,1,#ExplainAnAnimePlotBadly Boy with a monkey tail grows up to the the savior of a futuristic yet old earth
98,1,"#FemaleLogic is worse than the jig, I'm convinced"
99,1,#FireCashman Why?? Because I am having to root for the Royals in October. #Yankees
100,1,"#Glory Isaiah Mom asked me if I wanted a brownie I said, no thanks 
She said what are fasting,"
101,1,#HOLIDAYSEASONLIVE @ShyGlizzy @plies Shy Glizzy Feat Plies - FREE THA GANG: http://t.co/pYGOSk0qCP
102,1,#HappyColumbusDay !!!! If is wasn't for #America.................#KarlMarx would never have thought of sharing #colonialism with #injuns !!!
103,1,#HappyColumbusDay .....hate to sound all #PETA callous and all........but #buffalo had it a LOT WORSE than the #injuns..........
104,1,#HellYeah RT @BaconGawd #No RT @HuffingtonPost Happy Fall! Pumpkin Spice Oreos are here http://t.co/2prvsKantE http://t.co/hleYm0YC29
105,1,"#HelloBrookland! We're here at the @MonroeStMarket opening! Serving free samples of cider, vegan sliders, brownies! http://t.co/BW9uYtLQu1"
106,1,"#HolySpirit Joshua 01:03:00 AM Every place that the sole of your foot shall tread upon, that have I given unto you, as I said unto Moses."
107,1,#IU 8 straight nation #college soccer champions! Wow! #hoosiernation #hoosiers &#9917 &#127942
108,1,"#IU should make me an honorary student, id be way cooler than the other international students. i have my own football card! #hoosiers"
109,1,"#IndigenousPeoplesDay .........right. Because these #redskins had a lot of #queens, right? nomg. #sofunny"
110,1,#Iraq gov troops were handed a severe defeat by #ISIS at Saqlawiya -- there's chatter of over 300 soldiers lost &amp  Jihadis raving about it
111,1,"#NP ""Centuries"" ~FOB"
112,1,#Natitude? Okay. I'm only going to say it once. COMB yer BEARDS. #lol #wiggers
113,1,#NowPlaying : BT feat. Tori Amos - Blue Skies (radio edit) on #1069TheArrow - http://t.co/R5wuXA9jB6
114,1,#NowPlaying : Great White - Once Bitten Twice Shy on #1069TheArrow - http://t.co/R5wuXA9jB6
115,1,#NowPlaying : Ian Hunter - Once Bitten Twice Shy on #1069TheArrow - http://t.co/R5wuXA9jB6
116,1,#NowPlaying : The Doors - The WASP (Texas Radio and the Big Beat) on #1069TheArrow - http://t.co/R5wuXA9jB6
117,1,#PDPLive is on November 10th. Get your early bird tickets from http://t.co/7xcL4Kyiuv @LifeOfShan http://t.co/ZcnP1ljoOW
118,1,#PacerNation 04/04/21 on the road! Perfect way to continue after #iubb have finished #NBA #Pacers #indiana #hoosiers
119,1,"#RadioFreeNorthwest 218
Covington reads responses &amp; mocks FBI, Andy on Real Politics, Liv on her awakening, Gretchen
http://t.co/t9JyhAncPR"
120,1,"#RedSox, focus on the #Orioles that knocked you out last year, and not your hatred of the #Yankees for um-teen years! LOL!"
121,1,#Royals 2-1!! Fantastic. Ready for tomorrow's sweep of the disposed O's. #Yankees 4ever except this month.
122,1,#Royals Milwaukee let Yost go.Now they wished they hadn't cause they suck.How about now.He's the guy win or lose. Yankees fire Girardi &#128073 Yost
123,1,#RuinAComedian @midnight Charlie Lapdance
124,1,#Skating is for trash.
125,1,#StopWhitePeople RT @ABC7: 9 cases of West Nile virus infections reported in Orange County this year 105 dead birds found carrying virus
126,1,#TBT love you forever ling ling &#128115 &#128114 &#128152 @brittneycordova http://t.co/KEcfNjyrwE
127,1,#THEBOONDOCKS at 10:30:00 AM my nicca!
128,1,#TRUTH RT @notashley: David is the Charlie Brown of #Scandal
129,1,#WeAreRepublicNotRegime #POTUS BO violated USA sovereignty w/open border/Jihadis/criminal/diseased/Haitians/S.Americans #ImpeachObama
130,1,#WhatImCraving Peanut Butter Oreos &lt 3
131,1,#WorldSeriesGame3 Hunter Pence is so annoying he should be a Red Sox player. Shave fool and take your Vyvanse&#9918 &#65039 &#9918 &#65039 &#128074 &#128074 #Yankees 2015!!
132,1,#Yankees
133,1,#Yankees #FireCashman I don't want Arod back.
134,1,#Yankees #Jeter Let him play the entire inning. That's fitting.
135,1,#Yankees #SEC Robertson in. Guy is fantastic. SEC pitcher!!
136,1,"#Yankees 3, #Astros 12:00:00 AM McCarthy outduels Keuchel in series finale http://t.co/hIJJAUKtJN"
137,1,#Yankees 6-0. Nine straight hits. Price... Not your night.
138,1,#Yankees Damn you DirectTv blackout the Yankee game. With a freaking WALK OFF! You're killing me satellite douche.
139,1,#Yankees Damn. Well Joe that move to the bullpen really helped.
140,1,#Yankees I ain't complaining about the Royals win or lose game7. They showed heart. AL ride or die! No flex zone. They earned it!
141,1,#Yankees I went to Golds with Cruz in 2010 when he was a Sound. No upper /lower body strength.. Hmm now 40 HR hitter. Won't say the S word.
142,1,#Yankees If Royals have a fire sale. I want the whole team!! Leave Gardner and Tanaka. The rest can please go. Along with Joe and Cash.
143,1,#Yankees Nice bounce back @Michael Kay. Gotta keep this going!
144,1,#Yankees Pineda needed that 6'7. Great play!
145,1,"#Yankees Primo! Just got home and the Tanks are on MLB. Finally! And they are winning! Even better. Time to get serious, Sept call up time"
146,1,#Yankees got beaten by a thug
147,1,"#Yankees take all three games in MoTown, I'm callin' it!!! #MLB"
148,1,#Yankees wasted Nu&#241 ez's season #rays #mlb
149,1,#drunk #trash #trashed #wasted @ The Draught Horse http://t.co/UvWkhpEswh
150,1,#foxnews cuts away when a Democrat talks and claim to be fair and balanced. LMAO network full of #teabaggers and liars.
151,1,#gouache #inktober #oldpainting #mt #tiki #wahine #surf #monkey #bright #happysunday #peace wishing&#8230 http://t.co/l73hiK0IZ8
152,1,"#hoosier fans, is cody zeller nominating for this years #NBA draft? #iubb"
153,1,#inners Still hanging in. #Yankees we need this win. NFL. It's not SUNDAY!!
154,1,#iubb #1 suiting up again tonight! #Indiana #IU #ncaa #hoosierdaddy #HoosierNation #hoosiers
155,1,"#metal only, honkies!"
156,1,#mt #commission #gouache #tiki #wahine #monkey #tubed #surfing #wavesliding #waterwalker #notkook http://t.co/vii3SmGRm3
157,1,#mt #goauche #monkey #oldpainting #vinyl #jazz #lounge http://t.co/hueH4HCxx7
158,1,#mt browngal #gouache #monkey #tiki http://t.co/kFhj8lWhbs
159,1,#np Shy Glizzy - Awwsome (Remix) (Feat. 2 Chainz &amp  A$AP Rocky) via @Spinrilla. http://t.co/OWxtdRKWbC
160,1,#philhughes @Yankees #nyy better then UR whole team
161,1,"#porn,#android,#iphone,#ipad,#sex,#xxx, | #Desi | paki http://t.co/XxcdQvzI9t"
162,1,"#porn,#android,#iphone,#ipad,#sex,#xxx, | #Desi | paki http://t.co/cOfGRtW9br"
163,1,"#porn,#android,#iphone,#ipad,#sex,#xxx, | #Teen | Cutie lesbian teens toy slits http://t.co/ZS05enjjwm"
164,1,#redneck tow truck. #johndeere #4455 #america https://t.co/iFInqwVRad
165,1,"#rejectedpeanutsspecials Its The Grape Crackhead, Charlie Brown!"
166,1,#southcarolina has a highschool graduation rate near 50.00% and that's why they have so many uninformed #teabaggers #morningjoe
167,1,#stateoftheunion would last 15mins if they let the President talk all that standing up clapping is for the birds
168,1,#tbt my precious gook baby &#128525 &#128525 &#128525 &#128525 &#128525 &#128525  @outtapocketjuju http://t.co/2QJLJj6tK5
169,1,#tbt when i took my likkle monkey jimmys http://t.co/LIK3xpZ6eZ
170,1,"#teabagger state like mississippi opposed to minimum wage, child labor laws, unions, is pro-scab, sweatshop work - pretty much #SLAVERY."
171,1,#tikiti - rough mock for the base of what will eventually be an ashtray @ Tiki Ti http://t.co/8zE8aqY0
172,1,#uppers loving the show this morning. Chris is directing the conversation beautifully. Make the teabaggers talk!
173,1,"&#127813;&#127813;&#127813; RT @GottliebShow: ""Killer line?"" @SBNationNBA: Josh Smith dropped a killer trash talk line on Kenneth http://t.co/C8d3sJoUpj&#8221;"
174,1,&#127867 &#127867 &#127867 &#127804 &#128153 &#127913  plus Sheryl crow http://t.co/49KYwZnotU
175,1,&#128027 Err:510 &#128184  &#8220 @GOALSminded: its true that the early bird.. gets the worm first!&#8221
176,1,&#128075  hi-ho http://t.co/FiC4FnRutZ
177,1,&#128514 &#128514 maaaaannnn i hope so! RT @ABrown252: @VonshayeB did we get rid of John Legend looking Charlie Batch?
178,1,&#128514 &#128514 mike calls me t-bird @mikemastroccco
179,1,&#128520 &#127383  we snap chatted for one night lol. But you're cute. Snapchat me back nig
180,1,"&#128525;&#128525;&#128525;

&#8220;@whatskillfeed: i guess ill just trash this drawing because of roster changes...&#128532; http://t.co/2r8wqgE8cR&#8221;"
181,1,&#128530  my nerves are being worked cos of my monkey &#128529 &#128545
182,1,&#128553  monkey mad
183,1,&#128557 &#128557 &#128557 &#128530  RT @KingHov1313: At work imma real Uncle Tom!&#128584
184,1,&#193 lbum de fotos: csitaly: [TS3]Fairy Tail - Satan Soul Mirajane Strauss made with The Sims 3. Happy... http://t.co/b4i8EiMux2
185,1,&#8220 @ATrue_Cowboy: Truth about any distance for all you love birds out there! http://t.co/1Kqnw4LJ&#8221
186,1,"&#8220 @A_Brown_30: Frogger, best game ever&#8221 only cuz You suck at flappy bird"
187,1,&#8220 @AbstractLife: @NigelDixon1 @SeanTHarrington Orton is trash idc&#8221  he ain't been playing. Trashlex Smith only sat out Kaep took his spot.
188,1,&#8220 @AdderallHadMe: Adderall had me killing two birds with one stone http://t.co/wMiNpN64m2&#8221 &#128128
189,1,&#8220 @Amburger_6: Wtf is flappy bird&#8221  are you kidding me
190,1,&#8220 @AntiGlib: RT @nateyfu123: #Yankees Michael Pineda in his next start.. http://t.co/Zb1zWN0jet&#8221  @954Nole
191,1,&#8220 @AshlynWynns: I'm a mud shark because I have black friends. Makes perfect sense. &#128514 &#128557 &#128514 &#128557 #idiotic&#8221 @
192,1,&#8220 @Ashton5SOS: An itsy bitsy teeny weeny yellow pock-a-dot bikini&#8221 Polk Ashton. Polk
193,1,&#8220 @AustinMahone: just got a new fish it's albino and I named him shaquita #yee&#8221  bahaha
194,1,&#8220 @BasebaIIVines: Michael Pineda hides pine tar...on his neck http://t.co/PJRKJeaY6h&#8221  fact that the Yankees cheat &#128077 &#128077 &#128077  Go Red Sox!! #Boston
195,1,&#8220 @BeautyOfASinner: So they really deleted flappy bird from the App Store cus someone killed themselves over it &#128514 &#8221  foreal foreal ?? &#128561 &#128557
196,1,&#8220 @BestOfAds: Rape? Cannibalism? You Won't Recognize The Original Versions Of These Fairy Tales http://t.co/PrnJ8EFAoi&#8221  man wtf
197,1,&#8220 @BobbyBudnic Oxtails and yellow rice is blasphemy&#8221  boneless
198,1,"&#8220;@BurgerKing: What&#8217;s going to be your pick for #SelectionSunday? #2for5 #WatchLikeaKing http://t.co/aBam30gSk4&#8221;

Dis make colored folk happy"
199,1,"&#8220;@CMRE24 wasn&#8217;t that great to me either RT @Ahki117: ""Equalizer"" was trash Denzel officially washed bruh&#8221;neither was flight"
200,1,&#8220 @CRYaboutitNIGGA: I get paid too chill.&#8221  Share the wealth Lil nicca
201,1,&#8220 @CaptainYankee2: Two of the best Yankees Derek Jeter and Joe Torre #JoeTorreDay http://t.co/XMyxfDBKOX&#8221  @jordan_luree
202,1,&#8220 @CommonBlackGirI: here&#8217 s to all the kids who have never found their name on anything in a souvenir store&#8221 thanks mom for the ghetto name.
203,1,&#8220 @CommonManKFAN: And that's why mock drafts are a joke my friends.....&#8221 Anyone???
204,1,&#8220 @DIYcookery: Oreo cookies&#128523  http://t.co/8zcjWW56Zz&#8221 bruh &#128525 &#128539 &#128553
205,1,"&#8220;@DShmee: Tom Brady slowly becoming washed?&#128064;&#8221;

Nah.. His weapons just trash"
206,1,&#8220 @Deuce1990: What will the Lakers be after kobe&#8221  trash
207,1,"&#8220;@El_Grillo1: Islamic State suspects in Indonesia are Chinese Uighurs http://t.co/58IDicaHzT&#8221;
Uighur Jihadis: they're not just a PRC tool."
208,1,&#8220 @GianneNichole: Lakers really trash.&#8221 &#128686
209,1,&#8220 @GreatGawd: Name something trash&#8221  Cavs
210,1,&#8220 @HeyKeifer: Golden Oreos &#128016 regular Oreos &#128686 &#8221 YES!!!
211,1,&#8220 @HeyKeifer: Oreos are basically dirt circles with cream.&#8221 True.
212,1,&#8220 @HumbleTeej: @elisabethepps where am I on this rating scale???&#8221  Depends. You still wearing them colored contacts or naw?
213,1,&#8220 @Iifetip: Kit Kat brownies. http://t.co/40W2a8qlBy&#8221 making.
214,1,&#8220 @ImToBlame: Bruh RT @PriscoCBS: Trent took the yellow path http://t.co/1XxGuKtjp8&#8221 &#128514 &#128514 &#128514 &#128514
215,1,&#8220 @JayGorgeous: i need more beanies&#8221 just ordered two true religion ones lol
216,1,&#8220 @JohnelHadleyJr: Uncle Charlie just got thru lip singing?!&#8221 haha
217,1,&#8220 @JuanNdaCut: When twitter rappers dm me their trash links http://t.co/o5Orzo1O19&#8221
218,1,&#8220 @JukeJuke_9: Lance Stevenson gone leave Indiana&#8221 he trash anyway
219,1,"&#8220;@JuniorMaye8: A lot of them are though. Attitudes be pure trash&#8221;

#TeamWhiteGirls 
#SwirlTheWorld"
220,1,&#8220 @KarynHalpin: Where do all the foreskins go when they circumcise a guy?&#8221  the Foreskin Fairy takes them after you put them under your pillow
221,1,&#8220 @Kik2Clean: Brah Wiz cheated &#128514 &#128557  http://t.co/OZ2PnDNGJ0&#8221  she had hair like a dyke..... Uh.. Duh?
222,1,"&#8220;@King_SM If Howard elbow bosh, will bosh fight back?&#8221; don't have to got mcbob bird and UD"
223,1,&#8220 @LastWordEvan: An inning and a half away from Alex Rodriguez being eligible to play. Just a thought. #Yankees #MLB&#8221  OMG. Feel an ulcer.
224,1,&#8220 @MannyBDlopez: When you open your starburst candy and get 2 yellows http://t.co/F0dDbfEzB6&#8221  lmao bruh
225,1,&#8220 @MomMeMustHaves: MMMH Daily is out! http://t.co/bPtRtXcel0 Stories via @KristinCruz&#8221  @ExMoShow #yellow is IN! &amp  @romyraves luv the bling!
226,1,&#8220 @OGBEARD: Some of y'all bios are trash.&#8221  Mine pretty good
227,1,"&#8220;@PlMPCESS: In the fashion world ""urban"" means ""stolen from black people"" its ghetto on us, and urban on them haha http://t.co/S0XWGfLJ9C&#8221; &#128588;"
228,1,"&#8220;@PrayForJack I survived swine flu, bird flu, west nile and the Bloomberg administration. I'll be fine&#8221;the abortion survival. Cant 4get that"
229,1,&#8220 @PubesOnFleeK: My tweets trash&#8221
230,1,&#8220 @Queendev_: My leave out is trash &#128552 &#8221 &#128557 &#128557 &#128557  u sick
231,1,&#8220 @RaleighBeougher: dumb beaner&#8221  http://t.co/r0hABEQhSu
232,1,&#8220 @RudeNation21: When girls take my snap backs and beanies lol&#128169  that's 35 dollars a hat and 40 for the AX beanieS &#128530 &#8221 I don't let them take it
233,1,&#8220 @SarabiaErik: I just accidentally ate a pot brownie. I guess there goes my pledge of being drug free for life . lolz .&#8221  Lmao #College
234,1,&#8220 @SexualMedic: How I feel when I'm throwing trash away... http://t.co/qQ94N1rD5N&#8221  everyday in school.
235,1,&#8220 @ShesSoBlessed_: Oreos And Milk &#128523 &#8221
236,1,"&#8220;@TWOLVEGIRL: I find myself wanting to google ""the yellow king"" #TrueDetective&#8221; No kidding! What is going on?"
237,1,&#8220 @TheFunnyVine: Red Neck Ice Bucket Challenge &#128514  https://t.co/cAgp3nIofd&#8221  he must be from the SIP. #redneck
238,1,&#8220 @TheSportsDiva23: Adam Jones homers Yankees now lead 5-3.&#8221 Guy is a monsta
239,1,&#8220 @Tom_2Times: Making weed brownies tonight&#8221  goin slide me a batch relo
240,1,"&#8220;@TryHardSilva: Quote this with a weezy verse"" I'm a diamond in the rough like a baby in the trash"
241,1,"&#8220;@UTRagers: COLT MCCOY WINS&#8252;&#65039;
#HookEm&#128002;&#8221; he's still trash"
242,1,"&#8220;@WORSTRAPLYRlCS: http://t.co/hE19TIfqFX&#8221;

How is this trash..."
243,1,&#8220 @WillyC14_: &#8220 @urbie_6: #SingleBecause ill find a cute hoosier to date next year &#128527 &#8221  @Tgold32&#8221  @connorbradley
244,1,"&#8220;@Yankees: #Yankees and Red Sox are scoreless as we play in the 2nd inning.&#8221;
THE BAMBINO IS WATCHING!"
245,1,"&#8220 @Yankees: Alfredo Aceves in to relieve @CC_Sabathia here in the 4th. #Yankees&#8221 he needs to go away , gas can !"
246,1,&#8220 @Yattabing Cavs trash.. Heat trash.. Smh&#8221 pat gotta make trades
247,1,&#8220 @Yummy: Oreo ice cream cake &#128588  http://t.co/dvabPmgQjo&#8221  &#128525
248,1,&#8220 @_LoveCarolina_: My Lakers are going to be so trash this season I can't wait &#128588 &#128079 &#128530 &#8221  :(
249,1,&#8220 @__Bino: Looking at nip rings I can't wait until I can change mine &#128527 &#8221 &#128221 &#128064 &#128209 lmao
250,1,&#8220 @__Black_Jesus: &#8220 @lil_aerii: Happy new year &#127882 &#127881 &#127881 &#127881 &#127881 &#127881 &#127881 &#127882 &#127882 &#8221 check yo clock Hun we got another hour lol..&#8221 they just did the lil count down thing
251,0,!!!!! RT @mleew17: boy dats cold...tyga dwn bad for cuffin dat hoe in the 1st place!!
252,0,!!!!!!! RT @UrKindOfBrand Dawg!!!! RT @80sbaby4life: You ever fuck a bitch and she start to cry? You be confused as shit
253,0,!!!!!!!!! RT @C_G_Anderson: @viva_based she look like a tranny
254,0,!!!!!!!!!!!!! RT @ShenikaRoberts: The shit you hear about me might be TRUE or it might be faker than the bitch who told it to ya &#57361
255,0,"!!!!!!!!!!!!!!!!!!""@T_Madison_x: The shit just blows me..claim you so faithful and down for somebody but still fucking with hoes! &#128514;&#128514;&#128514;"""
256,0,"!!!!!!""@__BrighterDays: I can not just sit up and HATE on another bitch .. I got too much shit going on!"""
257,0,!!!!&#8220 @selfiequeenbri: cause I'm tired of you big bitches coming for us skinny girls!!&#8221
258,0, &amp  you might not get ya bitch back &amp  thats that 
259,0,""" @rhythmixx_ :hobbies include: fighting Mariam""

bitch"
260,0, Keeks is a bitch she curves everyone  lol I walked into a conversation like this. Smh
261,0, Murda Gang bitch its Gang Land 
262,0, So hoes that smoke are losers ?  yea ... go on IG
263,0, bad bitches is the only thing that i like 
264,0, bitch get up off me 
265,0, bitch nigga miss me with it 
266,0, bitch plz whatever 
267,0, bitch who do you love 
268,0, bitches get cut off everyday B 
269,0, black bottle &amp  a bad bitch 
270,0, broke bitch cant tell me nothing 
271,0, cancel that bitch like Nino 
272,0, cant you see these hoes wont change 
273,0, fuck no that bitch dont even suck dick  &#128514 &#128514 &#128514 the Kermit videos bout to fuck IG up
274,0, got ya bitch tip toeing on my hardwood floors  &#128514 http://t.co/cOU2WQ5L4q
275,0, her pussy lips like Heaven doors  &#128524
276,0, hoe what its hitting for 
277,0, i met that pussy on Ocean Dr . i gave that pussy a pill  &#128524
278,0, i need a trippy bitch who fuck on Hennessy 
279,0, i spend my money how i want bitch its my business 
280,0, i txt my old bitch my new bitch pussy wetter 
281,0, i'd say im back to the old me but my old bitches would get excited  &#128524
282,0, if you aint bout that Murder Game pussy nigga shut up 
283,0, if you're toes ain't done you pussy stinks 
284,0, im done with bitter bitches its a wrap for that . if you a angry bird theres a app for that 
285,0, is that ya bitch 
286,0, it aint nothing to cut a bitch off 
287,0, jus meet son now he ya mane ass bitches  #Shots
288,0, lames crying over hoes thats tears of a clown 
289,0, like Snoop said in 94 we dont love these hoes 
290,0, most hated but the hoes favorite  #2MW #SevenOne # http://t.co/BMdSVMc3rC
291,0," nice girls bad, make me get naughty. Bad yello hoe, real nice body. Down south chick, like em real thick http://t.co/bzRDl3kF7U"
292,0, pimps up pimps up hoes down  Future voice
293,0, post a picture of that pussy get 200 likes 
294,0, pussy is a powerful drug  &#128517 #HappyHumpDay http://t.co/R8jsymiB5b
295,0, quick piece of pussy call it a drive by 
296,0, running round here like some brand new pussy thats bout to get fucked 
297,0, these bitches even worst they'll send them guys for you 
298,0, these hoes like niggas that spend money not talk bout it 
299,0, we dont trust these niggas all these bitches 
300,0, yall niggas b cuffing hoes cause yall aint never have bitches 
301,0," you dodge a bullet  &#128517 &#8220 @DaRealKha: All da bitches I cut off pregnant or bound to be ....thank God &#128591;""&#8221;
 young Pill Chamberlain these bitches love my music 
""&#128514;&#128514;&#128514;&#128514;&#128514;&#128514;&#128514;&#128514;&#128514;&#128514;&#128514;@VandalSavage_: Teanna Trump probably cleaner than most of these twitter hoes but........."
302,0,&#128514 &#128514 &#128514 &#128514 &#128514 &#128514 &#128514 &#128514 &#128514 &#128514 @DaHomieFuzz: Gay niggas couldn't wait to act like bitches tonight
303,0,&#128514 &#128514 &#128514 @The_Paradox: And ima steal his cat n replace it with a pitbull &#128514 &#128514 &#128514 &#128514  RT @80sbaby4life: @The_Paradox He a bitch you should do it
304,0,&amp  he's gone always be a hoe
305,0,"""...Son of a bitch took my Tic Tacs.""

I like this movie."
306,0,..All I wanna do is get money and fuck model bitches! - Russell Simmons
307,0,"@2015seniorprobs: I probably wouldn&#8217;t mind school as much if we didn&#8217;t have to deal with bitch ass teachers"". Retweet
""@A7XDemery: I'm a fucking fag they said"
308,0,@ARIZZLEINDACUT: Females think dating a pussy is cute now? http://t.co/VxBJg26Gsz how does doing this stuff make him a pussy?
309,0,@BaylaaGottaBody: &#128514 &#128514 &#128514 &#128514  I ain't shit . Damn Skippy lol
310,0,"@BeEasyJrizzy: u ever kill a ant on the sidewalk and think damn what if that nigga was on his way to get some pussy""No bs must b &gt;30%chance
""@BeenBasedB: @_KudaBrazyy http://t.co/LuUBGL9Y5u 0 rings 0 mvps 0 bitches lol"
311,0,"@BeenFLYnSolo: ppl talk bad about the ghetto/hood ... but as a kid growing up, a nigga had funnnnnnn !"
312,0,@BestProAdvice: The facts on tattoos...tattoo http://t.co/ZwnbhpDZ8e he's a pussy with not tattooing them nipples
313,0,@Bill215_: &#128175 &#128175 &#128175  RT @nel_ayden Bitches be wanting to act like niggas so bad &#128553 &#128553 &#128553  that shit aint cuteeeee but niggas act like bitches..
314,0,@BitchJones92: Get worshiping bitch! http://t.co/R37CejCjou woof woof
315,0,@BlackChiquitita: Wow. RT @thatmanpalmer I'm lost. Are those buttcheek piercings? http://t.co/yn6guyOUQ6 yeah she's a hoe
316,0,"@BlackNerdJade: Ok, sis. She'd rather be a broke bitch? *shrugs* she'll have to tell me how it works for her"
317,0,@Blackman38Tide: @WhaleLookyHere @HowdyDowdy11 queer gaywad
318,0,@BrokenPiecesmsc: @ItsNotAdam faggot read my tweets after dat k it wasn't even funny lol
319,0,@BrosConfessions: This bitch was so ungrateful http://t.co/06e77bGwbx fr ..... LULWHORE
320,0,@CASHandBOOBIES: I been kidnapped yo bitch
321,0,@CB_Baby24: @white_thunduh alsarabsss hes a beaner smh you can tell hes a mexican
322,0,@CCobey: @AydanMcCoy happy birthday nigs Thanks yo
323,0,@CHlLDHOODRUINER: when ur teacher tells u that u have homework https://t.co/RKk5vawIj1 this bitch need to go!!!
324,0,"@CaelanG15: ""@22EdHam: @CaelanG15 that nigga was eating that hoe lol Hell Yea lol john Paul"" nigga said john paul.. http://t.co/OSIpBKPr9h"
325,0,@CanIFuckOrNah: What would y'all lil ugly bald headed bitches do if they stop making make-up &amp  weave?
326,0,@CarelessOne92: Leafs better win this damn game so I can go riot and shit #EarlyChristmas you better start looting my nig
327,0,@CauseWereGuys: Going back to school sucks more dick than the hoes who attend it.
328,0,@CauseWereGuys: On my way to fuck yo bitch http://t.co/j906T5zE2R me as a 9 year old
329,0,@CeleyNichole: @white_thunduh how come you never bring me food i dont have a car retard
330,0,@ChadMFVerbeck: If Richnow doesn't show up with hella tinder hoes Im not his friend anymore chill I brought like like 8 prople
331,0,@ChandlerParsons: How bout them Cowboys!!!! Shutup pussy
332,0,@ClicquotSuave: LMAOOOOOOOOOOO this nigga @Krillz_Nuh_Care http://t.co/AAnpSUjmYI &lt bitch want likes for some depressing shit..foh
333,0,@ComedyPosts: Harlem shake is just an excuse to go full retard for 30 seconds.
334,0,"@ComedyTruth: amen miley &#128591; http://t.co/P2Kb2tfyxr""okay, but she don't need to act like a hoe just bc she's ""emotionally damaged foh"
335,0,"@CoryBandz: having one loyal female is wayyyyy better than having hoes , idc &#128175;"
336,0,"""@Crhedrys: Pussy licking pussy.... meow meow #StopWhitePeople2014 &#128049; https://t.co/KeegDCjS5K&#8221;""""""""

&#128533;"
337,0,@DBAB_Holloway: Check out our 12th man. #CowboysNation even with all those faggot ny fans in the stands
338,0,@DGotBricks: What happen to them vixen ent bitches they got ran and threw to the side like a foothill bitch
339,0,@DaeDaviDavie: @white_thunduh im the bitch okay nudes pat &#128554 &#128527 &#128056 wow
340,0,"@DevilGrimz: @VigxRArts you're fucking gay, blacklisted hoe Holding out for #TehGodClan anyway http://t.co/xUCcwoetmn"
341,0,@DiamondLoudKush: The fuck be wrong with these bitches? Nobody knows
342,0,@Dietrich1892: Yall shut up:p make me bitch
343,0,"@DionaIrish: I hate a ""I'm pregnant type of bitch."""
344,0,@DoYou_Q: Got bitches in the DM but I don't ever read'em which is y your top 3
345,0,@G27Status: I could go for a fat ass bitch on my lap same
346,0,"@GEDMelle: 17 missed calls!!!! &#128544;&#128545;""Das yo P.O bitch twitter finna be screamn #FreeMoneyMelle
""@GTM_Al: Ya side bitch gotta know it's rules to this shit..anybody ask you my cousin from jersey thinkin bout moving lmmfao &#128514 &#128514 &#128514 &#128514"
347,0,@GagaTom1: &#8220 @MaleFoot: 3 | Amo los pies http://t.co/4QE1hDkK8i&#8221 fuck yeah
348,0,@GirlThatsVonte: These hoes be thinking Meat won't slap they ass &#128564 &#128075 ainna bruh
349,0,"@GirlThatsVonte: Yall bitches wit no edges be doing the most talking &#128553;&#128564;&#9995;""&#128514;&#128514;&#128514;
""@GirlThatsVonte: Yall still going trick or treating this year or nah?""hell yeah ima be da sweet tooth bandit steal bitches bags n shit
""@Girllssues: I wanna have sex with my mom fuck her right in that pussy where I came from damn you got hacked like fuck"
350,0,"@Gizzy_Jones94: If she kiss u with her eyes open watch that bitch!""lmfao
""@Goofstroop: You a woulda coulda shoulda ass hoe &#128563;&#128586;"
351,0,"@Gotti_LTF: Happy Bday Bitch Ass Nigga @JetsAndASwisher""preciate that bitch roll up!
""@HBMostDope: @1Jayee @PipinHoes used to send that bitch up"
352,0,@HBMostDope: Ugly bitches be like I'm my own WCW duh bitch you ain't nobody elses&#128514 &#128514
353,0,"@HaloTGMG: @1stName_Bravo nigga you know we hacky sack hoes. ...nah, I throw no look passes lmao"
354,0,@HeartlessFuck: Glad I'm getting outta Atlanta. Nothing but a bunch of niggas in &amp  outta jail &amp  dumb bitches with mad kids fuckin em.
355,0,"""@KyraNadiya_: These hoes ain't loyal ; no they ain't http://t.co/h1UBsVbkGl""

Smfh &amp; wonder why nobody decent wants them"
356,0,"@LCisTJ: Bruh, you studs keep thinking I'm soft as hell. Ask ya girl how many times she screamed she was my bitch. Oh okay. STFU. BYE HOE!"
357,0,"@LODYCASH: dry pussy bitches always blame it on the condom&#128514;""&#128079;&#128514;&#128079;&#128514;
""@LUNAraps: shut yo bitch ass up! https://t.co/IemN1u0gm5 &#128557 &#128514"
358,0,@LaFlareGodJosh: Gucci Mane in jail and dropping mixtapes every month and you hoes can't even text back
359,0,@Latrobemark: You love these hoes more then money wats wrong these niggas
360,0,@LeBronVuitton: A loyal bitch from the burbs without daddy issues is like finding a holographic Mewtwo. ...sounding like me over there lol
361,0,"@LiLFridayHOE: Easy cum, easy hoe That's a fact !"
362,0,@LifeAsBros: Charlie Sheen is too real http://t.co/gGGdK3kOV7 major fucking respect for Charlie Sheen.
363,0,"""@Lightskingawdd: Wish I had a bae &#128533;""

You got all the hoes tho"
364,0,@Lil_Mike_12: Fuck twerking bitch can you cook ?
365,0,@Linniekravitz: @WesGodLaFlare bitch wtf http://t.co/DaSmycxODB
366,0,"@Lipe_the_Great: &#8220;@h0rheyd: ""@Lipe_the_Great: Shut up zoe fight me pussy&#8221 for zoe? I'm good, man."" You are good ma'am. Move along now"
367,0,@LolaaIsDope: Lmao fucking snake bitches @ em
368,0,@Loveable_Aizah: Big booty hoes everywhere sheesh &#128525 damn &#127807 &#128064 &#127807
369,0,"@MvckFadden: ""Stay beautiful you bitch""
""""@NICKIMINAJ: #WutKinda

r purple. Ceeeleee""man this gurl was jus playin on the ""stupid hoe "" track. But in still shitted on sum gurls"
370,0,@NastyCopper: Money getting taller and bitches getting blurry
371,0,@NewsomeJade: I ain't never seen a bitch so obsessed with they nigga&#128514 I'm obsessed with mine &#128529
372,0,@Nicholas_ted33: Kobe stay talking trash. But let's not forget http://t.co/VH4tnEkvTP @J_Austin12 I meant to do this one. Smh.
373,0,"""@NoChillPaz: ""At least I'm not a nigger"" http://t.co/RGJa7CfoiT""

Lmfao"
374,0,@No_FAKINGG: People always asking me what I'm mixed with. She a bad asian bitch lol
375,0,@NotoriousBM95: @_WhitePonyJr_ Ariza is a snake and a coward but at least he isn't a cripple like your hero Roach lmaoo
376,0,"@OfficialReplay: I am lowkey tired. ...if you tired, be quiet and go to sleep hoe!"
377,0,@PRAYINGFORHEAD: &#8220 @macklemroe: Stop bringing weird niggers into my mentions! @PRAYINGFORHEAD&#8221  http://t.co/cussDJesRK
378,0,@PRETTyBOSs_BRAt: We don't love these hoes &#128080 &#128581
379,0,@PatrickQuelo: If yo girl cant have homeboys you a ol weak bitch ass nigga!
380,0,"@Patsfanjoe32: @d_palomino52 I think worst advice I gave you was  don't be a pussy and speed up"" lol"""
381,0,"@PoemsPorn: Quote this tweet with your favorite animal.""pussy
""@Poetic_Success: I hate when strippers tell you they're ""dancers"". Hoe, ballet dancers don't pop their pussy to Beethoven. You a STRIPPER!"
382,0,"""@Poffalicious: Andrewbryant: Poff has double vision after 2 beers
Poff: ... Double pussy &#128526;"" smh"
383,0,"""@Poobie_: When bitches TWERK on the computer....

ME: ""In ya &#128089;, in ya damn &#128089;&#8252;&#65039;"""""
384,0,@ReachtheeCLIMAX: bitches can't cook but know how to suck dick .. s/o to the ones that can do both!
385,0,@RenegadeMo: Fat hoes get chose lol
386,0,"@RiahSM: #hoesaintloyal well they're hoes,no one expects them to be loyal"
387,0,@RishaaWilliams: @TRESHON_SCROOGE @_Nevertrustt ol bitch ass http://t.co/AmcOinY0wG
388,0,@RnadJorell: Bruh im tired of niggas retweetin Miley Cyrus naked that bitch aint no types of bad lmaooo
389,0,@SacTownProdigy: Just because tony romo at the mavs game dont mean he still not a bitch lmao.. Fuk them cowgirls lol bitch fuck you
390,0,"""@SamJLayman : Holy shit, Freddie Highmore was in Charlie and the Chocolate Factory""
Me: *rolls on the floor, laughing*"
391,0,"@Samirahusic_: ""I don't want to have sex with my gf because I feel like I'm using her.. - anonymous"" Whata faggot"
392,0,"@SexualGxfs: @ One of your followers with this &#128525 &#128553  http://t.co/F1TJl9xnCT @ somebody, bitch if you don't"
393,0,@Shaa_Jenkins: If ya bitch always bitching clearly she care! Or just an annoying Bitch!
394,0,@ShanTaughtHer: These catfish hoes thinkin they slick.. But niggas catching on &#128524
395,0,@SheWentToJordan: Can't worry about a bitch that ain't worried bout me #real
396,0,@ShowArrive: Side hoes are for insecure niggas that can't handle a real one.
397,0,@Shun_stokes: &#128514 &#128514 &#128514 &#128514 RT @bluprint_4: Lmao! This bitch come scooting in the tent like she about to fuck some shit up! &#128557 &#128557 &#128557
398,0,@Shun_stokes: My cousin said he share hoes with his brothers. He said sharing is caring and he love his brothers &#128514
399,0,"@SlimGirl_Probz: i'm hungry but ionn wanna spend my money on food&#128530;""Broke hoe problems &#128514;&#128514;&#128514;&#128128;
""@SmeegBaby: Dese hoes be LYIN to all of us nigga"
400,0,@SnakecharmsDump: http://t.co/4b427dQZCV oh yeah fuck that bitch
401,0,@TayKnosBest: These hoes is crazy
402,0,@Taylorr_Babee: You ain't ever gonna be a slice bitch. Kevin hart. (:
403,0,"@ThatniggaTroy: Oomf so fuckin fine tho &#128553  dam @ her, don't be no bitch."
404,0,@TheGamerKingKev: I wonder if the girl that gave head to 24 boys for a drink in magaluf has twitter she probly sends nudes for fags
405,0,"""@TheNewSAT: #NewSATQuestions
Yeah bitch, yeah bitch, call me _______:
a.) Maybe
b.) Steve-O
c.) Later
d.) Jesse Pinkman""
@machinegunkelly"
406,0,@TheNymphoTweets: Hickies in between her thighs right by her pussy &gt &gt &gt Its only right
407,0,@TheOneMiss_Luu: Would you still love me when I'm no longer young and beautiful? No. Ugly monkey ass.
408,0,"@TheRealRickyB21: @JetsAndASwisher @Gook____ y'all come through the front.""bitch I ain't coming
""@TheRealRickyB21: @JetsAndASwisher faggot bitch http://t.co/2HyyAbk4eH"
409,0,"@WBeezy_: ""@QuaTheGreat: Aww their avis look so cute together &#128145; http://t.co/9lPorCb8w0 &#128128;&#128128;&#128128;"" do I gotta get Ike avi on this bitch ?"
410,0,"@WBeezy_: ""@Run_DRC: Its simple, dont be a hoe=dont worry about being exposed &#128540; fight me""why ?"
411,0,"""@WannabeKanye: whys this bitch boosting herself http://t.co/uOd2f5WtKV""

Her size isn't exactly the most healthy tho"
412,0,@WitHaPrettyface: @_1nonlykeisha bet not be no bitches! &#128514 &#128080 &#128299 &#128299 &#128298 &#128514 &#128514 Kim bye!!!
413,0,@X_XPDOTJDOT: Damn near gotta protect my tweets.. stalkers being annoying you got that dope dick. Drive these bitches loco
414,0,@XoJennyGirl: I'm making marack my girlfriend . @marackaf aye b you pullin hoes just like o taught you
415,0,@XoXo__Angiee: Bruno fag boy you love me.
416,0,@YEHits_Von: &#8220 @Run_DRC: I must be a bitch&#8221  you are &#128514 &#128514 &#128514  sike naw This why we always beefing &#128514
417,0,"@YoungRicooo: &#8220;@WexicanAfro702: Don't take advantage of a nice person&#8221;@ hoes""@ everyjuan
""@YoungRicooo: Happy birthday bitch nigga @WexicanAfro702 Thanks pal"
418,0,@YoungRicooo: Sad knowing that most hoes won't fuck with you bc you ain't got stacks. wait till friday
419,0,"@YunGMiGo: @Shane_A1 cinco shit harder fucc nigga""yee but you fucc wit rich homie cuz dats ya homeboy fucc nicca
""@ZoeBarton3: @h0rheyd ewww I said THAT last Sunday..as in the last Sunday I was there. Read it again nigs""&#128563;&#128563;&#128563;&#128563;&#128563;
""@_BaDa_Bing: I only punch real niggas in the face cause a pussy Nigga is gonna punch me right back Strong Mush or Shake.."
420,0,@_BeeDontCare My pussy still fresh &lt ----- something stank girls say.
421,0,@_GeeWillikers_: Ass slapping is one the greatest things. Haha. &#128527 I slapped a girl on the ass. . She got mad I aint get pussy for a week
422,0,@_TommyCollins: @WeAreRichnow @buffalobills yeah Texans are so much better you fucking retard I see that you're mad about this.
423,0,@__MALIBUbarbie: Nd wtf is up with dark bitches with blonde.. PLEASE HAVE SEVERAL SEATS HOE! ..looking like black&amp milds out here
424,0,@__Sugga: There's a lane some bitches need to stay in &#128526 the left n get right the fuck outta our face &#128557 &#128129 &#128536
425,0,@__sneakyb: I hate when boys deny that they have bitches &#128080 &#128553 smh
426,0,@__taradise__: Ya nigs out there still saying y'all don't eat butt?! WITH A STRAIGHT FACE!
427,0,@__youreWelcome: Im a boss ass bitch ...that needs to sit in a corner
428,0,"@_iwantfranny: He's a hoe , I can't"
429,0,"@_prettyflvck0: Me And Paul Thinkin Bout Gettin Rentals For Da Weekend &#128665;&#128168;&#128168;""oooh shit bitches betta stay out da streets
""@_rapdreams: bitches hold they nigga down when he get locked up... but if a nigga go to college or the military it's a different story. &#128564;"
430,0,@_simplycaitlin: why do my friends hate me because you a ratchet hoe..
431,0,@adriwadrri: No love for these fuck niggas hoes*
432,0,@airmaxlad1: Hot meat http://t.co/BRz8Imk5vK sexy as fuck scally lad. I would love to meet him and his trainers.
433,0,@airmaxlad1: Sniff http://t.co/FHHbBRMYBN perved up scally lad. fuck yeah.
434,0,@alejandra_p13: These bitches love Sosa
435,0,@alexissixela__: &#8220 @white_thunduh: I legit watched it for about 30 or 40 seconds &#128529 &#8221 SO DID I WTF prob cause were retarded smh
436,0,"@allisonnamaya_: What should I name my cat, ideas? Mr pussy"
437,0,@altosteel115: http://t.co/tM28mh5XG2 woof woof. Sexy thug boy scally.
438,0,@ambitiousBree: @_1nonlykeisha u see the damn phone ringing? &#128547 &#128530 &#128542 when you married bitches makes demands!!!! You haven't called me
439,0,@analicialouise: Tevin is my favorite sophomore I think he's so funny Hes really not. Lmaoo hes a little hoe
440,0,@rugbysocklad: Hell yeah bro! http://t.co/9yIb45UD6c fuck yeah sexy scally lad in hot gear
441,0,@rugbysocklad: Helping out a mate!! http://t.co/eMNAdO1QOj I love scally play. Fuck yeah
442,0,@rugbysocklad: Lads being Lads! http://t.co/f3UJcYJ4OF fuck yeah. I love scally lad action. Hot trainers too.
443,0,@savage_twotone: Next year bitches is gonna be like you gotta promise you won't expose me &#128514 &#128514 &#128557
444,0,"@scallynikelad: &#8220;@sleazytwinks: So hot!! RT @opcinjen: Lick it, bitch http://t.co/JLoUkqDcOM&#8221; fuck yeah. Eat that trainer u dirty fucker"
445,0,@sierrabernia: &#8220 @T2G_CincoKilby: Y'all think celebrity pussy different from the locals? &#128514 &#8221  yeah Meghan goods is
446,0,"""Dad say hi to my snapchat"" 
Dad ""&#9996;&#65039;&#9996;&#65039; duces bitch"" &#128514;&#128514;&#128553;&#128553;"
447,0,"Do you believe these hoes are not in fact loyal? I disagree with that, I do believe they are in fact the loyalest bunch,these hoes"
448,0,"Don't know no ugly bitches! Don't know no broke niggas!""--@Kevin_Gates
""Don't make me make you fall in live with a nigga like meee... The birds 1&amp 2 are my favorite songs by Weeknd"
449,0,"Don't worry about the nigga you see, worry about the nigga you DON'T see... Dat's da nigga fuckin yo bitch."
450,0,"Don't you ever give my pussy away. You keep it tight, alright?"
451,0,"""Dropped a stack cause bitch I'm ON"".
-@1PoloBoy 
Song called ""Dope"".
Download the mixtape here: http://t.co/LaCZ1e6TG7"
452,0,Dumb bitches do dumb things
453,0,Eat the pussy like a real nigga hungry
454,0,Eff it. Let's go after the cripple. http://t.co/kSaMx1JPfV
455,0,Everything look better with a bitch next to it
456,0,Facto @ShaunaSayomi: Who cares if you a hoe when your ass looks like this? http://t.co/CJdT987aqf
457,0,For every bad bitch there is a nigga tired of fucking her
458,0,"Foreign chick, no lie.. Man that bitch Beautiful"
459,0,Fresh nigga so you kno I need a clean bitch... Who kno I'm working cuz I wanna see my team rich. http://t.co/Cgx3HNAK9A
460,0,Fuck 5/0 I make my own rules. Suck my dragon balls bitch call me goku
461,0,I fucking hate that bitch so much I wanna smack her in the face then tongue kiss her
462,0,I got a bitch set it off like jada picket..queen latifah you riding round with your nieces bitch you titi
463,0,"I got a sister, she told me stop calling women bitches.."
464,0,I guess this is the night bitches die...!!!! Stewie is that nigga...!
465,0,"I had a bitch that had a bitch, had the bitch eating halibut.. - @iamyoungroc #FreshRhymes #JerkSquad #SlowStir"
466,0,"""I have this lady-love
She's married, but I still wanna bang her
She won't have sex with me
What a bitch"" ~A troubadour, probably"
467,0,"I heard you was looking for Candy Man, bitch"
468,0,"I hope you don't get mad, ladies. I only call you bitches 'bitches' bc I don't know your names individually. -Katt Williams @LetMicahDown"
469,0,I just got a number 3 I'm a bitch boy
470,0,"I know that shit eatin grin! You either just fucked the girl of your dreams or you sold a car. We know you're a faggot. What'd you sell?""&#128514;
""""I only be with older men cause they're more mature""

That supposed to fool us bitch?"
471,0,I prolly leave up out this bitch with my cups in my hand and yo hand in my other hand.
472,0,"""I said i don't like it, it tastes like wolf pussy"" 
""what? How do you even know what that tastes like"""
473,0,"""I taught myself how to eat pussy, and cut my own hair""
""I taught myself how to eat pussy hair""&#128514;
Name the movie &#128514;"
474,0,"""I used to dress up like a cop too.""
""Oh really?""
""Yeah...right after 9/11...mad pussy.""
""Really?""
""Yes...I'll NEVER FORGET."""
475,0,"I went to jail for a flock, &amp; came home wit a strike.. You went to jail as a bitch, came home as a dike""- @YG
""I will fuck u where u stand"". ""U dizzy bitch"". Two unique &amp; separate phrases I overheard a relative saying when I was younger.
""I woke up like thi- bitch go back to bed"
476,0,I would rather you call me bitch than sir -my manager
477,0,I'll beat on that pussy so hard
478,0,I'm a funky ass honkey. - @jtimberlake 's shout out to @macklemore tonight before Cabaret &#128514 #JT2020Tour
479,0,I'm comparing KFC to the pussy @MaxOn_MaxOff5
480,0,I'm downloading you a new personality and ordering you a new face! You bitch.. I love you.. Goddamn it! -Axl Rose yelling at his sex robot
481,0,"I'm feelin like Malcolm in the middle, these bitches surround me they can't miss em"
482,0,I'm gonna piss on your dimple @SoNi99a_: Stop wasting prayers on trash teams lol
483,0,I'm probably your main bitch chocolate dipped cinnamon apple
484,0,"I'm sick of his shit man @JonnieSantana: Sit his bitch ass, I'm fed up bro RT ""@80sbaby4life: Geno threw yet another pick smh""
""I'm sorry I fucked yo bitch... But she really dig a nigga @KingL"
485,0,IBS irritable bitch syndrome.
486,0,"""If you love her then hide yo bitch so you'll keep shorty.""
@wizkhalifa"
487,0,"""If you talk back to me you ain't getting no pussy.""
Me: http://t.co/vgnwcFgvSJ"
488,0,"""If you're a bad bitch put your hands up high"" 
Every girl in the room starts waving there hands around."
489,0,Imma tie that bitch up in the basement and donkey-fuck her ass for two weeks straight hahahahahahahahaha #50centmovie #beforeiselfdestruct
490,0,"""In My Mind""
Gotta be the dumb hoe anthem..."
491,0,It takes a true directioner to accept Larry You know what bitch its fans like you that make the boys cry. #ThankYouPaulForConfirmingLarry
492,0,"It's allegations, were u in the bedroom? Did u see it? Words of a naive &amp blind bitch. We know ur husband cheated on u. Ramona is dumb!!!"
493,0,"It's never too late to tag a bitch.""- @CyFyre
""It's the dykes -hunter dyke with a dyke http://t.co/LGtw3AWMeh"
494,0,"Julia Roberts, you're a ho @LaurenGardner8 #NottingHill"
495,0,My momma told me to tell you to mind yoooo damn motha fuckin business you 2+2 not knowin what it is bitch!!!!!!
496,0,"""My nips are freeeeezing...and that's not okay because they're slicing through my bra....""
&#128514;"
497,0,My twitter was hacked = I'm too pussy to admit that I said it and now I want to act like I never said it.
498,0,"Nah girl I ain't gon be able to make it, it's been tight since Russ loss his job you in the back like damn bitch really"
499,0,New Flame the song of the yr lol that bitch SUPER run like
500,0,"Niggas always yelling ""Fuck bitches, Get money meanwhile they're broke and still want the bitches&#8230;."""
